state,area,female_school_attendance_pct,population_below_15_pct,electricity_access_pct,improved_water_source_pct,improved_sanitation_pct,clean_cooking_fuel_pct,health_insurance_coverage_pct,women_literacy_pct,men_literacy_pct,women_10_plus_years_schooling_pct,men_10_plus_years_schooling_pct,women_internet_use_pct,men_internet_use_pct,children_overweight_pct,women_underweight_pct,men_underweight_pct,women_overweight_obese_pct,men_overweight_obese_pct,women_high_blood_sugar_pct,men_high_blood_sugar_pct,women_high_blood_pressure_pct,men_high_blood_pressure_pct,women_tobacco_use_pct,men_tobacco_use_pct,women_alcohol_use_pct,men_alcohol_use_pct,pred_women_overweight_obese_pct,pred_men_overweight_obese_pct,pred_women_underweight_pct,pred_men_underweight_pct,pred_women_high_blood_sugar_pct,pred_men_high_blood_sugar_pct,pred_women_high_blood_pressure_pct,pred_men_high_blood_pressure_pct,pred_women_tobacco_use_pct,pred_men_tobacco_use_pct,pred_women_alcohol_use_pct,pred_men_alcohol_use_pct
Andaman & Nicobar Islands,Urban,86.46,22.67,99.47,98.03,87.95,95.63,1.44,86.55,89.27,59.71,59.41,44.13,54.57,5.69,11.32,7.77,41.72,37.04,19.64,19.44,23.43,28.17,14.95,44.71,0.69,33.83,36.59610854948035,40.11413449782211,10.902031233782832,7.978268902945085,14.186799999999998,16.141148066049208,24.24114485108894,29.731376248415355,19.13997221737415,33.43473859434139,-0.2570629600729677,26.161399999999993
Andaman & Nicobar Islands,Rural,81.75,19.69,96.46,95.31,87.98,71.01,1.61,85.58,94.65,47.57,47.65,27.87,41.11,5.16,8.19,1.57,35.71,50.58,16.19,17.12,26.4,31.24,41.06,66.39,7.6,41.94,30.938086273538843,38.46499871357942,8.417881858289695,8.537814840022408,16.324900000000028,17.237662528880424,26.486504392841336,28.453271728668618,31.38612838782872,66.27374059232667,3.882986982146698,37.70380000000002
Andaman & Nicobar Islands,Total,83.52,20.79,97.58,96.32,87.97,79.77,1.55,85.97,92.53,52.47,52.28,34.79,46.51,5.42,9.44,3.99,38.11,45.3,17.47,17.93,25.29,30.16,31.26,58.71,5.01,39.07,33.75916356533612,38.877333274140575,9.420635957758975,8.143256404017755,16.658400000000018,17.774567490667,25.182451933638056,28.531762127210648,27.03733681929618,58.65685312115898,1.8803128472990862,33.555700000000016
Andhra Pradesh,Urban,75.47,21.33,99.56,99.43,89.1,96.57,62.16,79.01,86.4,51.2,59.54,33.93,65.1,2.95,11.91,14.96,44.37,37.74,23.24,24.88,27.54,32.16,1.91,15.76,0.33,20.45,34.50813708043078,30.65676648494551,11.877237232874625,16.30760060196431,21.604899999999997,24.772279703901443,27.512502137242222,27.768725669965633,2.2181058770511193,15.63905832147434,0.9386758487426508,19.513500000000025
Andhra Pradesh,Rural,61.21,22.57,99.4,95.44,72.09,77.91,73.73,63.84,76.28,34.28,42.54,15.35,41.47,2.56,16.15,17.19,32.57,27.99,17.9,20.49,24.28,27.64,4.68,25.6,0.55,24.53,29.920575328941787,26.30322171928374,23.34498703589364,19.0503263109199,14.671999999999993,14.802047931947607,21.591274510063325,28.032757670697052,0.576334198353365,35.59454866837644,3.996357710126571,28.460899999999985
Andhra Pradesh,Total,65.57,22.19,99.45,96.65,77.26,83.62,70.19,68.64,79.48,39.63,47.91,20.97,48.79,2.67,14.83,16.48,36.25,31.08,19.5,21.81,25.26,29.0,3.83,22.56,0.48,23.27,31.715529126076984,27.135062601047593,15.119757915173398,18.11818316908145,17.008200000000002,21.634102168537343,25.25113523244841,27.20393705150826,1.752746675042351,23.026745537001478,2.2243846288235694,22.96379999999999
Arunachal Pradesh,Urban,83.23,26.17,99.5,98.13,79.87,90.15,33.6,84.65,92.13,55.39,64.12,70.0,86.93,9.55,5.62,6.43,28.91,32.44,9.56,12.03,25.31,33.19,14.01,44.45,14.85,44.29,32.03693934137263,33.017889722993964,5.64056469073977,6.675118206824983,10.198799999999988,12.207599752014726,25.0848440568523,27.779543003995762,10.611323206495069,44.173771770320926,5.845503084370287,36.75979999999998
Arunachal Pradesh,Rural,69.02,27.2,93.97,92.93,83.41,46.25,28.5,71.63,85.6,36.19,44.97,49.61,68.48,9.67,5.71,4.56,22.87,26.6,8.19,11.85,24.81,33.05,19.67,51.4,25.86,54.26,21.679122305910155,26.23732571554727,6.005644035759048,6.6384825719503535,8.419600000000012,11.962199682571574,24.721171790999147,30.415211581251608,14.402947058099516,50.989433549314256,16.16376882776749,50.26380000000007
Arunachal Pradesh,Total,71.16,27.05,94.8,93.71,82.88,53.19,29.31,73.78,86.69,39.36,48.18,52.92,71.58,9.65,5.69,4.87,23.87,27.57,8.39,11.87,24.88,33.07,18.81,50.33,24.19,52.72,22.97774539363146,26.09909074022803,5.643484584957866,6.399563844104577,8.516599999999997,11.820070428157623,24.608796802357034,29.07838152575454,14.350263818287399,50.38170801514153,13.626903906878052,48.47219999999999
Assam,Urban,87.87,21.29,99.0,92.31,69.72,85.49,50.11,87.47,92.62,49.02,53.24,49.02,67.4,7.95,13.91,11.27,23.83,25.39,16.64,20.39,22.45,23.83,16.22,43.89,2.56,21.33,30.366428489364758,31.11577554527395,13.747370701299348,9.877253749837436,17.945900000000027,20.53075981106324,22.405705556398612,25.166965874687023,24.982063506077623,43.80028820430347,4.022681642600849,23.989099999999986
Assam,Rural,76.54,29.49,91.49,84.99,68.35,33.67,61.91,75.39,82.76,26.15,32.15,24.36,37.82,4.47,18.29,13.8,13.63,14.54,12.12,15.2,18.51,19.62,23.18,53.33,8.18,25.87,11.091485498115741,15.567798082675928,15.695054105063573,13.938260149325274,10.877300000000002,17.520890655200187,18.916088944196048,22.526279745005432,29.74490819584514,54.84114703876422,10.003615223800793,35.01839999999997
Assam,Total,78.19,28.31,92.57,86.04,68.55,42.13,59.99,77.2,84.31,29.57,35.46,28.21,42.26,4.85,17.64,13.41,15.16,16.22,12.8,15.98,19.1,20.26,22.1,51.82,7.31,25.14,13.608822180850735,16.630791472834296,16.383747907203997,13.161658165418208,10.829500000000001,16.51788748944562,19.32911671241617,21.95395980658894,29.693066229392677,54.48007461680437,8.12848570039628,36.96229999999997
Bihar,Urban,74.19,31.62,96.2,99.46,69.17,78.56,11.58,74.93,83.95,47.99,57.11,38.43,58.39,2.24,18.66,12.92,25.16,18.71,16.34,20.31,16.55,19.5,3.58,40.33,0.5,14.0,25.417184856662736,24.279122203922636,19.8400539541562,15.585660375100481,12.063899999999999,15.616000811783211,21.11219762879629,23.233608123780325,4.344124821290801,38.37764871356606,-1.2952553162022573,17.485800000000005
Bihar,Rural,58.73,37.24,96.27,99.15,45.68,30.25,15.09,54.54,77.01,25.21,38.9,17.0,39.43,2.43,26.88,23.76,14.16,13.6,12.03,15.36,15.8,18.11,5.25,50.68,0.42,15.82,12.20067518973817,13.093304875565714,26.738649701389537,21.45958168026573,11.96699999999999,15.459273475851687,15.805199745080776,16.621447359101953,3.2192600636211886,50.60528241899213,-1.6236723297194917,17.564799999999995
Bihar,Total,61.1,36.35,96.26,99.2,49.4,37.79,14.55,57.78,78.5,28.83,42.8,20.6,43.63,2.41,25.56,21.53,15.93,14.66,12.71,16.24,15.92,18.36,4.98,48.79,0.43,15.49,13.852537461837297,13.563353821611944,25.655547438096015,20.47868031867678,12.035400000000008,16.16534723071917,15.85913732403379,16.402066149218953,3.706228421309538,48.7024423174605,-2.5454458798251016,17.2364
Chandigarh,Urban,86.82,23.2,99.85,99.11,85.37,95.81,32.31,83.1,94.8,59.91,64.48,75.2,91.91,1.87,13.06,15.06,43.91,34.44,18.97,16.62,24.97,30.57,0.57,11.95,0.27,18.5,37.424405954288986,31.64453281104392,13.130171202243464,12.45417904073666,17.733700000000013,16.553639536225294,24.96686468876744,32.39523290909253,4.02120028584976,12.569566413852538,3.575868919305552,20.29740000000001
Chandigarh,Total,86.66,23.29,99.85,99.12,84.98,95.81,32.23,82.96,94.8,59.61,64.48,75.2,91.91,1.85,13.01,15.06,44.02,34.44,18.95,16.62,25.03,30.62,0.56,12.06,0.27,18.63,40.829680426427664,34.09380788470486,13.100462808737781,12.930092133738254,17.82450000000002,16.553639536225294,24.96686468876744,32.595968123993416,4.7771293460257755,12.312572716227782,3.706078195906098,20.266200000000037
Chhattisgarh,Urban,80.3,23.2,99.46,98.59,88.15,80.23,68.81,85.26,90.27,52.39,52.19,44.45,75.4,5.68,15.97,11.08,23.14,22.4,12.12,12.76,23.53,27.84,9.39,33.42,1.26,28.55,32.71122060022024,28.380311905452384,15.481858973810343,13.186703225913877,13.001399999999988,13.050894924486975,23.627534208205883,28.92579699445595,9.652405465305705,33.303392051131425,1.9594968805270974,26.72660000000001
Chhattisgarh,Rural,66.06,26.04,98.6,94.67,73.5,19.22,72.09,71.3,86.33,32.05,38.14,20.78,50.42,3.56,25.33,19.35,11.25,12.66,8.07,10.25,23.59,27.66,19.63,45.98,6.05,36.69,16.362813415174195,15.22016750093136,22.284651648330055,18.763182825860067,10.569899999999995,11.718230917386773,17.349843538953074,23.89064695913143,7.2471009739693075,45.86566028338349,1.7154084881402953,25.12179999999999
Chhattisgarh,Total,69.28,25.41,98.79,95.54,76.76,33.0,71.35,74.62,87.26,36.89,41.45,26.69,56.32,3.98,23.08,17.41,14.11,14.94,9.01,10.83,23.58,27.7,17.27,43.11,4.95,34.83,20.080727658898052,17.238226190452522,22.889409756447,17.313114351648125,10.691799999999992,11.06059612681762,23.43671638381378,24.32718364301067,8.177304418496227,43.343240468795955,0.9468021252518837,27.402799999999974
Dadra and Nagar Haveli & Daman and Diu,Urban,85.76,24.36,99.86,97.88,68.5,95.16,39.5,87.69,95.44,48.6,58.77,49.42,76.21,1.21,20.74,19.16,34.04,27.57,13.96,17.17,16.49,17.03,2.39,39.62,0.52,29.09,31.984956574192463,25.068460087349745,20.44575229856053,18.094343228696925,14.515700000000011,17.111837829987383,16.666426195380666,23.245447910604646,12.1548115967251,39.35825234531601,-3.4790865939608144,24.698099999999997
Dadra and Nagar Haveli & Daman and Diu,Rural,64.98,26.38,99.48,93.16,63.34,62.56,66.26,67.9,91.56,24.22,40.66,23.84,61.3,2.45,29.0,17.45,20.31,15.95,13.31,15.66,13.61,13.85,3.32,37.53,1.61,26.54,21.134911089147906,18.492964755619482,28.88891182260916,19.59892182650507,12.02029999999998,15.51637234674514,13.691655863760325,20.288764102022807,16.72542746256032,37.89000404722511,0.621490990358621,25.671599999999977
Dadra and Nagar Haveli & Daman and Diu,Total,74.4,25.43,99.66,95.37,65.76,79.94,51.99,77.26,93.43,35.75,49.4,36.7,68.34,1.85,25.07,18.25,26.84,21.37,13.6,16.39,14.91,15.39,2.9,38.56,1.11,27.8,27.633138432485733,22.134085166509035,24.6530435707359,18.574328705568448,13.575499999999991,16.43356998204919,15.080549615668271,21.488181673663,15.200943909036072,38.13329824087433,-1.6796655653395733,25.89689999999999
Goa,Urban,90.24,19.78,100.0,98.96,88.99,98.8,65.07,92.64,94.93,73.01,74.96,78.05,86.1,2.24,13.05,9.33,38.11,32.46,20.6,23.01,27.55,25.93,2.42,19.45,5.62,38.23,38.753173878990694,34.68245169145384,12.965764720416024,11.11313109514507,20.943299999999972,23.06956599197554,27.581940897813052,33.09052773980013,-4.044429566182261,19.279407383630332,3.234676395299647,34.364300000000014
Goa,Rural,87.17,18.09,100.0,97.81,86.35,93.12,67.46,93.43,98.5,69.31,79.39,68.28,76.6,3.63,14.99,18.39,33.12,32.75,21.13,25.93,27.36,28.24,2.83,16.34,5.3,34.92,37.45021571193945,39.01503300388859,14.80461951631034,10.848014181959378,21.093800000000034,25.821737613623846,27.47385794771281,29.290324835903185,0.102175522569949,16.502071202068354,3.649810075212346,33.91790000000004
Goa,Total,88.95,19.09,100.0,98.49,87.92,96.5,66.04,92.96,96.25,71.5,76.59,73.69,82.88,2.76,13.83,12.51,36.09,32.56,20.82,24.13,27.47,26.82,2.59,18.22,5.48,36.92,40.26752973350017,37.15499142473294,13.74209909374142,11.335080369271125,20.89929999999998,24.12930710410771,27.46270416802942,31.412711541744024,-1.8301045941781453,18.214684018510056,2.978169915955789,35.29120000000003
Gujarat,Urban,83.65,22.23,99.44,99.35,89.26,94.33,36.27,86.83,95.4,47.91,56.93,48.87,72.93,4.6,17.24,15.95,30.44,25.63,17.55,17.8,21.14,20.31,5.39,33.64,0.31,4.58,31.61661336353219,30.570700365297863,16.799499295879976,12.448765552081046,17.098499999999987,17.712410503709602,21.434068553138914,26.342657455954942,17.06647870779303,33.28469209998339,1.6317277339642173,10.881900000000005
Gujarat,Rural,65.41,25.26,96.22,95.65,63.27,46.09,41.08,69.03,87.49,23.63,36.91,17.53,47.99,3.54,30.85,24.66,17.01,15.59,14.64,16.21,20.12,20.31,10.96,46.73,0.77,6.76,17.994890498424063,17.472879742837133,30.584401729528402,19.012103259526533,13.838700000000006,16.16579234105984,20.161649339385445,21.006845123317742,15.583873057810756,46.85120816539395,4.465322383730825,11.248999999999997
Gujarat,Total,72.88,24.01,97.55,97.18,74.02,66.85,39.01,76.45,90.91,33.76,45.57,30.8,58.89,3.93,25.15,20.88,22.64,19.94,15.84,16.9,20.55,20.31,8.65,41.09,0.58,5.82,24.636914128840708,22.908520086775916,24.47565218259692,16.30021737179807,14.661799999999996,16.881090578149287,20.703850572468497,22.65960150020841,16.7388540749784,41.260360196130264,2.686837994371472,10.39740000000001
Haryana,Urban,82.34,23.18,99.8,99.32,86.01,90.54,28.33,87.42,94.46,60.12,65.01,60.16,79.72,3.27,11.4,15.02,37.46,30.23,13.53,15.05,22.94,26.21,1.66,23.29,0.34,15.73,35.31941584290105,32.071144486887945,11.389756290024163,11.373983246506453,13.993299999999984,15.16122017949098,23.17922869465243,30.425696864882394,4.304510423070653,22.470231254741012,0.6471146967006391,17.44130000000001
Haryana,Rural,69.61,26.32,99.53,98.23,84.55,42.64,24.2,78.75,93.01,44.14,60.75,42.8,68.83,3.33,16.93,14.31,30.85,27.4,11.16,12.64,20.08,24.56,2.98,32.05,0.24,16.24,23.419092451512597,23.54859147454755,13.56576317581804,14.996003235573253,10.137899999999995,11.70060832388681,21.99361595010974,26.022258798189817,-0.7738363469094285,33.82968710791994,0.7989578338762735,22.205899999999993
Haryana,Total,73.8,25.29,99.62,98.59,85.03,59.51,25.65,81.67,93.48,49.53,62.15,48.39,72.41,3.31,15.09,14.54,33.05,28.32,11.93,13.46,21.01,25.12,2.54,29.08,0.28,16.07,28.06091446727786,26.160254067920643,14.778315799383225,13.68514390062495,12.091599999999994,13.390993915092,21.052876616357377,26.82374135632762,1.7917574235833662,29.307275058722485,-0.02156779617569171,17.142699999999987
Himachal Pradesh,Urban,92.43,20.73,98.95,98.37,85.0,94.69,37.06,95.01,91.68,79.78,78.69,78.88,83.7,5.38,9.75,6.55,38.31,35.74,15.39,18.29,22.1,29.12,1.22,25.37,0.3,30.4,41.333248415834106,39.53358431856439,9.896997730836587,7.4375218108921946,16.24800000000003,18.27352068019979,22.26574995945667,34.40204982047205,-3.7414845424975507,25.345512812872453,4.465024311919981,29.20790000000003
Himachal Pradesh,Rural,79.33,21.96,99.54,95.86,81.27,44.45,34.09,91.23,95.44,63.78,70.09,45.23,65.07,5.7,14.54,12.69,29.24,29.75,13.67,14.16,22.23,23.61,1.72,33.44,0.68,32.13,29.98966634437572,32.814036703719516,14.46469886672273,10.850067712391258,14.560200000000014,14.461753843019581,22.22031505302243,27.773216407527908,1.5345660133303483,33.252780420506085,-0.3632477155704956,29.883700000000026
Himachal Pradesh,Total,80.95,21.8,99.47,96.19,81.75,51.73,34.52,91.73,94.91,65.89,71.31,49.67,67.9,5.66,13.91,11.82,30.43,30.6,13.88,14.72,22.21,24.36,1.66,32.31,0.64,31.89,31.23039592574321,32.43041200766662,13.745894444437335,10.215544655515233,14.72220000000002,14.730000763745396,22.236375576874607,27.709998106268372,1.3934468246338163,32.26744565723506,-0.6881645926498523,28.893100000000008
Jammu & Kashmir,Urban,75.98,21.13,99.94,98.33,85.64,95.75,19.2,84.32,91.77,65.11,73.84,55.02,79.37,10.78,3.65,2.5,33.36,40.83,9.2,8.05,21.16,20.1,1.81,31.96,0.14,7.66,38.393302598849935,42.31459517308061,3.820544511665648,4.00124631754532,12.563500000000015,8.129569648307276,21.177963942002616,30.275405132353733,4.28827328018955,31.62393061570143,5.120999859463294,15.712200000000012
Jammu & Kashmir,Rural,67.94,25.17,99.02,89.64,72.26,58.89,10.15,74.71,91.42,46.22,66.04,38.9,68.78,9.25,5.79,5.0,27.88,28.18,8.56,8.01,19.56,18.54,4.23,40.62,0.24,9.2,27.85330263997817,34.21642432893697,13.300196456276518,7.445708270253918,9.347800000000008,9.512815860259348,18.88286377879904,25.442206915637243,11.586255988711871,40.45649747687051,4.92942409305151,19.502499999999998
Jammu & Kashmir,Total,70.07,24.12,99.26,91.89,75.73,69.19,12.68,77.27,91.52,51.25,68.21,43.34,71.95,9.61,5.23,4.32,29.33,31.63,8.73,8.02,19.99,18.94,3.57,38.3,0.21,8.79,30.9467176161635,35.64862778281098,5.42220872248633,6.457070803959603,9.12730000000001,8.11013175801554,20.278788024904067,25.976459647315274,10.28060350999444,38.42357790728956,4.1849340865037075,15.688399999999993
Jharkhand,Urban,78.68,25.23,99.02,94.63,75.88,70.97,41.57,82.37,94.12,54.4,66.15,57.78,70.84,2.78,17.28,12.14,21.59,21.7,12.46,15.83,20.13,25.28,4.81,37.24,1.97,24.58,24.546689244565478,25.61520007303111,17.15682423519565,11.68361018455588,12.614100000000013,15.522716723199201,20.4438449362469,25.570256585332736,4.5812604812753435,37.00130796184471,0.8565510738785278,22.94669999999998
Jharkhand,Rural,60.18,33.19,92.92,84.12,50.81,19.49,53.08,59.34,80.26,26.29,39.39,22.69,53.19,2.82,29.16,18.86,8.61,12.75,9.46,13.43,17.03,21.63,9.58,51.01,7.42,38.68,11.06254849680666,10.970107928420834,28.869983096039412,17.329507779816446,9.814400000000013,13.399440540493597,17.042504643042005,22.068324561974315,9.751747579734259,50.793384721597164,7.4509332512489905,35.91619999999997
Jharkhand,Total,64.5,31.33,94.34,86.57,56.65,31.89,50.31,65.01,84.0,33.22,46.6,31.44,57.95,2.81,26.2,17.08,11.85,15.12,10.19,14.07,17.78,22.6,8.42,47.39,6.09,34.96,14.130479210736006,13.632554455792937,26.113027785781515,15.76645483462967,10.12280000000002,14.100269316049998,17.915088902957596,21.835206136549832,9.08809754656165,47.86466707649015,4.989464229747198,34.50760000000001
Karnataka,Urban,81.96,22.41,99.26,97.26,84.39,94.51,28.23,85.09,90.48,62.3,64.79,50.11,71.46,3.76,12.94,11.48,37.05,39.42,16.15,18.0,27.43,29.24,4.58,21.47,0.88,15.27,37.823677311995766,35.66480380482643,12.945400921756441,11.09128647884685,15.665100000000006,17.830046911300663,27.665996732017426,30.817361303284294,6.214910680719536,22.11097012982862,0.6520732864569552,17.375099999999986
Karnataka,Rural,67.02,23.23,99.03,94.07,68.5,69.33,28.02,70.95,87.03,41.97,50.64,24.76,55.57,2.86,19.93,16.23,25.59,25.04,12.58,14.06,23.43,25.46,11.1,30.76,0.97,17.35,31.77524925669239,29.764499564919277,20.41689120324132,15.933787944540903,13.718399999999995,15.012463875600208,21.177884242623232,27.474963032182515,8.159343037171155,38.3291171978318,1.258400621133323,23.621399999999998
Karnataka,Total,72.95,22.9,99.12,95.33,74.78,79.73,28.11,76.69,88.47,50.22,56.54,34.98,62.4,3.18,17.15,14.31,30.14,30.85,13.95,15.55,24.97,26.88,8.53,27.06,0.94,16.52,35.142046999712626,32.020653580712015,17.567291443724734,14.03996888027233,14.175600000000015,15.65155709640479,24.414042023161713,28.259951615596663,7.883539059878747,26.79204788237776,0.35712696125182664,17.66569999999999
Kerala,Urban,96.98,20.67,99.9,96.38,98.95,78.49,47.18,99.13,99.17,78.78,76.83,64.91,78.31,3.78,9.74,6.9,40.41,40.05,24.83,27.41,30.74,32.62,1.3,13.96,0.18,18.67,37.03988934052741,38.96309630975485,9.93056467330226,8.597462938945963,22.837799999999984,27.31436027043803,30.595188218632856,30.764290129252196,9.654530773861605,14.314401278867068,-1.6620310204633286,18.91430000000003
Kerala,Rural,94.11,20.52,99.34,93.58,98.48,66.3,55.41,97.47,97.39,75.29,70.18,57.54,74.23,4.2,10.39,12.74,36.03,33.17,24.81,26.67,31.01,32.89,2.97,19.57,0.3,20.98,39.461513117738946,41.00918349141591,10.219118344668157,9.114251402939878,22.034600000000005,25.249765894597516,30.5106915063366,33.2319770111373,12.005975736646535,31.732668689690048,0.7021432682690159,22.11010000000003
Kerala,Total,95.5,20.59,99.61,94.92,98.71,72.07,51.51,98.27,98.21,76.97,73.25,61.11,76.05,4.0,10.08,10.04,38.12,36.35,24.82,27.02,30.88,32.76,2.17,16.9,0.24,19.88,39.44851509748229,40.290908967121446,10.142859192254575,8.872111811541687,23.860400000000006,26.932948726215535,30.81799485651434,31.634229686560012,11.669035096294623,16.78172298709963,-0.9396332834097239,19.934100000000043
Ladakh,Urban,68.71,22.86,99.13,97.24,74.66,97.15,26.72,77.65,91.87,53.79,64.1,66.52,82.94,17.01,3.73,2.65,28.48,43.4,6.42,5.4,13.48,14.5,3.47,39.82,5.31,21.06,31.98378381149493,41.10957082503462,5.3046251397757676,-3.125358292723938,11.805500000000004,12.695632129752077,23.157206679506366,28.950925392658988,12.865877317607323,34.74414180694878,13.338385497159853,19.198899999999988
Ladakh,Rural,67.77,22.78,99.54,86.69,34.78,71.31,12.1,76.6,94.17,49.16,74.76,53.98,64.25,12.36,4.51,2.0,28.19,36.36,6.75,8.94,16.26,18.11,3.08,34.77,3.39,24.16,25.225596006099366,35.59487771526874,4.552897795019829,3.6496679684920306,7.477900000000004,8.837772089350828,16.179333268267996,20.25595826345915,10.75786760189524,35.01977494640904,6.855625703728514,24.007199999999997
Ladakh,Total,67.95,22.79,99.46,88.68,42.32,76.26,14.9,76.8,93.73,50.04,72.71,56.39,67.8,13.36,4.36,2.13,28.25,37.75,6.69,8.27,15.74,17.43,3.16,35.71,3.76,23.58,26.316815504158463,35.687178689943984,4.526844479094743,2.0765676527453145,7.562000000000012,8.412890446135794,15.942067216795335,20.983251104420614,12.036545704557051,35.56121475852009,7.259947061212941,22.862799999999982
Lakshadweep,Urban,91.93,21.7,99.72,94.62,99.74,68.48,58.4,96.4,100.0,68.24,84.92,61.79,81.45,10.03,6.72,2.41,34.23,41.95,19.88,22.91,26.47,25.86,16.6,25.9,0.28,0.44,27.167007400063937,36.95864930530883,6.868292934812295,5.619035981287439,19.37280000000002,22.86553860685512,26.34930940889225,23.02675632421077,12.409479875361757,25.931017580331577,2.5677176615946222,5.087999999999998
Lakshadweep,Rural,96.9,24.6,100.0,86.69,100.0,24.7,66.71,96.82,96.32,66.28,69.41,36.01,76.98,11.75,12.41,14.11,31.04,39.35,18.26,12.98,18.4,20.73,21.09,37.77,0.39,0.46,30.40307398751105,38.068639297208485,12.479837716238436,8.31351163678087,16.087599999999995,12.989838970228258,18.526969618044063,24.483511242452558,27.395949506707417,37.65876282420546,-1.1491322695953556,7.624900000000002
Lakshadweep,Total,92.98,22.34,99.78,92.88,99.8,59.43,60.11,96.5,99.05,67.79,80.92,56.35,80.3,10.49,7.98,5.48,33.52,41.27,19.54,20.71,24.81,24.74,17.53,28.49,0.3,0.44,30.64402805659772,38.999466893009185,7.9548974424823005,6.251277304031778,18.32999999999998,20.638449958267024,24.83292550443861,23.620787694920704,16.785548634941325,28.621088111852643,1.7618320758363795,3.6477999999999984
Madhya Pradesh,Urban,80.51,23.85,99.43,97.87,81.15,84.28,41.41,83.32,92.34,49.06,53.12,46.47,72.71,1.84,17.07,17.73,25.98,25.65,11.17,13.08,22.5,25.92,6.48,35.34,0.47,13.23,31.807873852345224,26.153080886833443,17.181476763333926,15.494496639975836,12.337699999999995,13.40198729085696,22.165003497741477,28.115218337055275,10.094163860372332,35.20123655488389,-0.4349181811492273,16.2731
Madhya Pradesh,Rural,62.64,27.52,98.04,85.7,59.21,23.55,36.8,63.3,82.62,21.71,34.97,20.08,49.34,2.09,25.16,21.84,13.04,12.09,9.37,11.9,19.86,21.5,11.63,50.75,1.21,18.63,16.079276678377866,13.141597639750923,25.289241875076833,18.549829876914593,10.523399999999999,12.110863560759197,19.76025417248301,25.232943036369363,12.362279976743517,50.549925025385626,3.802788698180532,22.211800000000025
Madhya Pradesh,Total,67.45,26.54,98.41,88.95,65.07,40.05,38.05,68.85,85.27,29.29,39.93,26.91,55.72,2.03,22.95,20.78,16.58,15.57,9.84,12.21,20.56,22.65,10.23,46.45,1.0,17.12,20.65506287449069,16.04161684572523,24.56959477596263,17.61700239218395,11.316399999999996,14.686113806557435,18.33316007856186,25.24028885713701,12.480725804509962,47.99996296571358,1.754155131382616,24.200300000000006
Maharastra,Urban,87.17,21.88,99.05,99.3,75.06,95.62,20.11,90.17,94.59,61.13,68.28,54.34,76.77,5.22,15.8,15.29,29.58,28.86,14.57,15.27,23.83,25.66,6.63,26.19,0.34,13.02,36.783838237600996,34.77484898015692,15.453226815798299,12.082353754115912,14.753599999999997,15.342150831350354,23.701634168450084,26.456651585294512,9.41409296616579,26.071278752477394,0.2284844170951703,16.16349999999999
Maharastra,Rural,73.14,23.57,96.74,88.48,69.39,65.36,19.85,79.51,91.48,40.72,54.27,23.71,47.2,3.36,24.95,16.86,18.29,21.34,10.69,12.43,22.6,23.5,14.67,40.57,0.52,14.73,25.60004979177003,29.371190288703325,24.585232273532355,12.906281632213492,11.862700000000018,12.72151040270235,22.520169944890196,24.014120854240684,20.781121565646885,40.715867114639764,1.8064119132883976,18.86350000000001
Maharastra,Total,79.61,22.79,97.81,93.49,72.02,79.72,19.97,84.58,92.97,50.44,61.0,38.04,61.49,4.1,20.78,16.16,23.43,24.66,12.37,13.63,23.14,24.41,10.94,33.8,0.43,13.93,32.13197531136614,32.03909074090575,20.349215971754806,12.668072069643484,12.71839999999999,13.825079002409277,23.230019498156306,24.792137050551595,15.85523896226999,34.306804061549656,0.44759378181608067,18.08250000000001
Manipur,Urban,88.38,25.52,99.06,90.39,60.61,86.38,12.26,92.05,96.89,60.04,66.87,50.77,81.45,2.93,6.11,7.58,38.95,33.38,16.01,19.21,25.99,37.53,37.74,51.42,0.98,34.64,35.757054165932146,30.36424060345759,6.2584506120478265,13.43985967554377,15.03289999999999,19.069831476851046,25.71476382405527,25.303170916450306,15.728226861487673,51.65958457310224,-4.6351467065474,31.36159999999998
Manipur,Rural,81.18,29.47,97.48,68.91,67.45,60.69,15.31,84.84,94.03,40.6,52.74,40.39,68.17,3.55,7.93,8.31,30.98,27.91,12.06,14.74,21.11,30.44,46.56,62.4,0.84,39.24,27.06262643953421,28.298533105660788,8.246612631633154,6.889950003308356,12.040599999999982,14.604791507639867,20.97187066884,29.19998092863694,38.51506918876508,61.986270637393005,1.773096387023456,35.11709999999993
Manipur,Total,83.96,27.97,98.08,77.06,64.85,70.43,14.15,87.62,95.24,48.08,58.74,44.76,73.87,3.35,7.23,8.0,34.06,30.25,13.6,16.47,23.01,33.19,43.1,58.12,0.89,37.45,31.018446988408652,28.868611362292853,7.304567944447743,9.365667497971733,13.167499999999988,16.365877561263154,22.7672351714529,26.99633497583648,30.279443875621062,58.16167580899655,-1.2507639376423576,34.06949999999995
Meghalaya,Urban,94.71,29.68,97.25,93.58,81.3,76.73,52.81,97.05,92.9,61.38,63.94,57.77,59.15,4.19,10.18,8.61,17.85,30.15,10.29,15.99,24.63,28.49,27.2,47.0,0.97,28.45,23.569222460087666,28.070730726425843,10.22197116719165,9.622535950275017,10.857699999999983,15.911348776560688,24.58158203093756,22.90076763847744,19.721054874083823,46.75040479525976,-2.4633881667590805,27.043799999999973
Meghalaya,Rural,83.35,39.21,90.61,75.57,83.28,21.72,66.48,85.53,81.52,27.34,27.69,27.95,38.53,4.0,11.02,9.08,9.73,10.6,9.26,13.38,17.14,19.85,28.52,60.64,1.63,33.45,6.442549692012037,11.74183493953899,10.972163298755774,9.922656951196918,9.928599999999998,13.404173767412741,17.25387583862646,24.569386103485385,42.0769146609486,60.550199224079,6.111886054662467,34.341799999999964
Meghalaya,Total,85.85,37.3,91.94,79.18,82.88,33.68,63.51,88.17,83.72,35.13,34.7,34.72,42.11,4.02,10.84,9.0,11.48,13.87,9.48,13.85,18.72,21.41,28.21,57.68,1.47,32.37,10.174311584337211,14.512676294964983,10.998473818289968,9.293950269203565,9.813900000000011,13.99948060495074,18.75478468744234,23.821087386947358,38.433933816091866,57.767960378708196,3.4965831197652975,34.157999999999944
Mizoram,Urban,97.59,24.68,99.56,98.42,97.06,97.85,41.23,99.14,99.24,62.33,59.08,83.75,92.72,12.12,4.18,2.63,29.74,38.26,14.96,16.4,20.99,28.73,56.59,69.52,0.99,22.76,35.761186347375634,39.30220951058005,5.835985885952742,0.7533333873913683,15.938799999999993,16.275045694004625,22.67987863722264,31.149336010631437,28.268296138322526,29.235672697953106,7.236583303078871,25.338499999999996
Mizoram,Rural,87.46,30.54,96.43,92.58,93.19,66.4,52.79,87.67,94.22,32.7,35.85,47.98,63.88,8.14,6.76,7.99,16.92,24.23,12.33,14.34,13.49,21.11,68.52,77.43,0.82,25.19,21.2502255737134,26.476049958504174,12.941111942918921,8.18585748190965,11.678599999999996,15.490337149877767,20.87967977984778,24.672609882554493,42.05018573760452,65.90200423032147,6.268457735703286,26.92449999999998
Mizoram,Total,93.22,27.3,98.16,95.81,95.33,83.77,46.4,94.35,97.07,49.95,49.05,67.58,79.74,10.04,5.29,5.07,24.22,31.88,13.8,15.44,17.69,25.2,61.58,72.94,0.92,23.81,31.10663706326137,34.239162262789016,5.323019485158722,4.3454806247177,13.219299999999983,15.372568808215457,17.923959712640308,28.07668410852403,34.694241889846914,72.90436749393832,5.986963804127237,24.96859999999997
Nagaland,Urban,92.08,22.09,99.63,93.52,82.18,81.06,14.98,91.52,97.73,63.73,75.64,66.54,80.98,4.83,11.56,7.43,17.13,31.01,9.32,13.38,19.91,25.98,16.0,47.37,1.49,26.77,32.93987634322623,34.65694346201544,11.161956582089745,9.222703978830353,11.413700000000013,13.624645185001464,20.182364775812026,27.386278017155078,12.116317547456106,46.8299418144814,1.3043217195279824,26.142399999999995
Nagaland,Rural,81.9,25.88,98.03,89.84,90.36,24.87,23.07,82.74,90.7,34.05,39.84,40.26,55.17,4.94,10.77,7.49,12.97,19.75,9.23,11.94,23.56,30.11,12.59,48.87,0.67,22.49,18.987594998152474,21.58138999740328,11.075914451073652,11.763514478992063,10.422200000000007,11.977524426921645,23.511737606670128,28.712862531860555,25.357545991406873,49.164739660203,5.130272839456026,24.40739999999998
Nagaland,Total,85.21,24.65,98.55,91.03,87.72,43.0,20.46,85.8,93.29,44.41,53.06,49.91,64.59,4.91,11.05,7.47,14.44,23.92,9.26,12.43,22.36,28.7,13.7,48.36,0.94,23.95,23.870440133157867,25.45036438796396,13.107953198837025,10.789748125165593,12.52,14.065763174899534,21.78294378114768,27.450217222605822,20.811316338508686,52.51481094418759,3.202904026304199,24.458700000000004
NCT of Delhi,Urban,83.8,24.3,99.87,99.47,80.97,98.97,24.98,84.92,92.24,59.52,60.74,63.72,85.14,4.02,10.08,9.22,41.24,37.9,12.28,14.03,24.23,32.79,2.19,26.18,0.47,21.6,39.109536163665624,33.46073410019591,10.196364886558346,11.342906441781057,12.655299999999988,14.0886024518321,24.255383765768286,31.766881457305587,6.595569985400892,26.008181145901503,1.6388880164429867,21.604799999999987
NCT of Delhi,Rural,82.64,25.6,99.94,97.96,87.27,97.64,27.09,89.02,93.47,68.74,70.1,69.18,87.42,4.54,6.77,2.23,44.58,43.68,10.75,14.8,20.24,30.95,3.42,32.07,0.26,22.87,43.94541892490274,40.72106838246626,6.917549002115679,8.556872812835639,11.9285,14.744910873879192,20.329567342813615,34.76348279751724,1.7733665957734566,32.35752309264967,2.0333358261070096,26.48039999999996
NCT of Delhi,Total,83.77,24.33,99.87,99.44,81.12,98.94,25.02,85.02,92.26,59.73,60.87,63.8,85.17,4.04,10.0,9.11,41.32,37.99,12.24,14.05,24.13,32.75,2.21,26.31,0.46,21.63,42.72944367379711,36.18128416436611,10.168911115996478,11.65323096909216,12.756999999999998,14.0886024518321,24.255383765768286,32.17534412424665,7.361434326117066,25.92923967086813,1.7748654072445804,21.413800000000027
Odisha,Urban,83.1,22.0,99.1,97.27,72.28,76.85,29.5,83.91,90.66,47.87,46.03,39.74,64.19,5.48,12.62,10.87,40.09,32.23,17.39,20.34,24.53,29.26,16.63,40.51,1.39,22.74,32.350239346732785,29.00156966488448,12.51890579457309,13.235824661070817,16.889500000000027,19.976195325619003,24.358961134493413,27.550701394456826,19.18971640671664,40.64736872030486,1.1285051350088189,22.04159999999999
Odisha,Rural,69.09,25.55,96.57,89.77,58.02,26.13,51.72,69.22,86.1,29.63,36.58,21.33,47.15,3.16,22.63,16.45,19.2,19.73,13.29,16.37,21.94,24.86,27.95,54.08,4.94,30.18,16.90523160109134,16.311251659904094,22.69637477396222,18.122978600279694,12.796499999999988,16.20388046107339,21.658231902755457,23.04059761414891,15.724263211923216,53.673228852142394,4.0236009494972445,28.24349999999998
Odisha,Total,71.5,24.94,97.01,91.06,60.47,34.74,47.94,71.92,87.06,32.98,38.56,24.9,50.72,3.48,20.82,15.34,22.97,22.21,13.97,17.03,22.37,25.61,25.98,51.59,4.32,28.82,19.343431218662353,17.244927459905877,23.760695528486842,17.164507440511542,12.6984,15.838935590510214,21.120428730203745,22.92559206251162,16.63835736306583,46.48798541305188,2.5614324577295333,21.785399999999992
Puducherry,Urban,87.65,20.69,99.95,99.91,89.81,95.75,30.0,92.07,93.43,68.85,77.99,66.9,85.05,2.68,7.55,11.21,47.62,43.6,21.24,23.24,24.3,31.05,1.2,13.76,0.14,26.72,39.367558243047895,34.6967948438536,12.344126044016065,12.738579879898602,17.583600000000004,18.086348849071584,27.776816623684976,31.507940233884785,-5.3543222006806115,18.10918887831649,1.2741700105525824,20.525000000000013
Puducherry,Rural,78.04,19.71,99.69,99.93,73.96,84.63,30.46,89.07,97.47,57.77,64.48,50.37,69.41,6.52,11.98,10.74,43.17,42.54,17.81,18.33,20.19,27.99,5.61,17.29,0.52,30.05,36.25307431013504,37.360362040911035,12.232135278830816,10.116739588803737,16.783700000000017,18.14600857995054,24.590020607622613,27.734017825409815,8.05603427648899,29.772678344546364,2.455337177372699,26.200499999999998
Puducherry,Total,84.62,20.39,99.87,99.92,84.93,92.34,30.14,91.14,94.55,65.41,74.24,61.94,80.71,3.79,8.97,11.08,46.2,43.29,20.14,21.73,22.99,30.11,2.58,14.84,0.26,27.74,40.615537637251236,36.576619315970675,10.040549701616571,12.305432186115024,16.608400000000007,17.66836173470977,26.373332967859817,30.23123704654261,-1.073477846521314,17.146624950127286,1.419851872815749,21.179200000000016
Punjab,Urban,82.66,20.98,99.75,99.44,87.77,93.76,27.52,83.65,91.26,62.37,62.92,64.12,85.55,4.44,11.88,11.17,44.28,35.18,15.53,15.87,30.77,36.52,0.5,12.04,0.29,19.72,40.63044997370551,35.44860104000935,11.50524291090294,10.470681058807793,16.052999999999987,16.10838121987936,30.588841952586947,34.72053631370018,2.151081436404347,12.20243037923327,4.705049390327445,19.515900000000016
Punjab,Rural,73.81,22.65,99.64,98.48,85.93,65.58,23.64,80.04,88.93,52.21,55.71,48.75,73.04,3.99,13.13,13.45,38.83,30.2,14.3,13.04,31.43,38.42,0.34,13.37,0.35,24.81,36.206117871570896,31.695658250804705,13.412829425658519,13.03609482270874,13.915999999999986,13.036186523961987,31.083876676393775,34.07249933514967,-0.2597889776618736,14.037488225328552,4.302283628716805,22.138799999999975
Punjab,Total,77.15,22.02,99.68,98.84,86.63,76.66,25.16,81.4,89.89,56.02,58.67,54.81,78.18,4.14,12.68,12.52,40.81,32.24,14.74,14.07,31.19,37.73,0.4,12.85,0.33,22.84,38.614299038286894,32.90901856065595,12.53886394355187,12.05920664554785,14.735300000000004,14.083877440900986,31.116426755613375,33.67645436964737,1.281654560095454,13.13347574788826,3.8381773978132334,20.90659999999999
Rajasthan,Urban,76.88,24.86,99.68,99.06,87.23,87.84,80.04,81.32,92.52,51.24,62.16,56.12,81.69,3.9,14.01,10.97,20.58,19.07,7.87,9.57,16.86,19.22,5.92,33.25,0.31,9.29,28.450163528741342,25.732504816401278,14.025100582474622,13.848567410499097,9.5782,9.695469499521439,17.025817444218266,26.180584999999855,1.855111618531696,32.75165771817374,2.5167651653103844,13.486299999999988
Rajasthan,Rural,59.42,29.38,97.66,95.63,66.05,26.19,90.39,61.63,90.06,27.8,48.35,30.76,59.38,3.1,21.32,15.01,10.45,13.56,7.03,8.73,14.88,17.42,7.2,44.93,0.34,11.62,8.622978321042233,11.969361789833663,21.372615042352457,19.100320937071835,8.165999999999993,8.741516297985934,14.92812716706947,17.0904131595572,2.4333289864153826,44.95342302179662,3.5124911245822124,16.117999999999984
Rajasthan,Total,63.5,28.31,98.14,96.45,71.07,41.38,87.84,66.37,90.7,33.44,51.93,36.88,65.17,3.26,19.55,13.97,12.9,14.97,7.23,8.94,15.35,17.88,6.89,41.97,0.33,11.03,13.527976921495085,14.421325514548702,19.777382999535366,17.772388288852152,8.300100000000008,8.975995319266213,15.454279345302565,18.42663086372029,2.773984583693272,41.828467628065226,2.4195268619730603,14.80669999999998
Sikkim,Urban,90.26,19.24,99.52,97.55,83.97,97.54,31.22,92.77,96.85,60.2,70.72,89.99,94.18,3.48,6.05,5.81,40.97,40.11,14.63,16.19,32.32,38.57,7.89,38.01,12.73,37.57,35.789183744492384,30.401398013337072,6.307177552074053,9.732148300286818,16.040300000000016,16.314512971066073,32.19431318256213,33.81711644789824,0.2891184473009769,37.671238819536434,8.559234060514125,35.31400000000003
Sikkim,Rural,79.47,19.68,99.14,89.86,89.33,64.38,21.64,86.24,90.34,41.24,44.24,68.08,69.48,12.17,5.59,4.39,30.75,33.91,10.91,15.48,35.8,43.06,14.14,43.34,18.4,41.09,30.426030063935166,34.39039995612227,5.602541425004439,0.2749971540709826,12.77910000000001,15.430283842263082,35.56499786628938,37.538446869927085,23.041908846126518,43.60651264246065,16.640911515211243,36.17420000000001
Sikkim,Total,83.73,19.51,99.29,92.82,87.26,78.4,25.69,88.92,92.98,49.01,54.98,76.71,78.22,9.62,5.77,4.94,34.71,36.32,12.2,15.7,34.53,41.58,11.67,41.31,16.16,39.75,33.086751315631226,33.77956855890847,5.673931187925287,2.9177046822805277,13.386700000000019,15.656459604223864,34.46374367131799,35.122479517274975,16.291275772711266,41.19034009409201,13.184244222824717,36.9302
Tamil Nadu,Urban,86.82,20.03,99.62,99.06,82.83,92.91,61.12,90.6,94.24,63.72,64.35,55.84,76.05,5.05,9.65,11.31,46.08,43.14,23.76,23.67,26.41,31.47,2.32,16.7,0.22,21.52,36.51546182586663,34.207887056644005,10.123866011067117,11.688053804452602,21.94890000000001,23.518485086595454,26.2075371151871,28.772428976641926,7.660221911192006,17.499626801043767,1.6068543888220403,21.89709999999999
Tamil Nadu,Rural,74.51,21.92,99.09,98.14,63.27,73.65,71.41,81.5,92.55,49.92,54.3,39.2,64.88,3.68,15.19,12.75,35.41,31.6,18.01,20.61,23.4,28.97,7.31,23.31,0.4,29.16,31.473534954890354,28.060246717995167,15.526252763636652,16.69909620300151,16.967999999999996,20.525221171022274,23.450263279545673,24.951714531150504,5.179477077089332,23.523637696593198,1.034958351321902,25.83129999999999
Tamil Nadu,Total,80.35,21.02,99.34,98.58,72.62,82.87,66.48,85.89,93.36,56.57,59.11,46.92,70.23,4.27,12.57,12.07,40.44,37.02,20.65,22.06,24.79,30.15,4.93,20.06,0.32,25.4,35.10759604303415,31.225390152005275,12.953622092641524,14.41859566299101,19.267600000000023,21.99059928899421,24.78714226158652,26.335515553201674,7.021256274818198,20.155631023413303,0.6927517579402904,23.195900000000023
Telangana,Urban,75.88,23.37,99.84,99.36,81.84,98.22,52.87,80.96,90.18,60.88,70.97,43.91,72.33,4.16,13.48,15.24,41.7,40.19,18.35,21.38,29.08,36.75,2.63,15.2,2.58,33.94,35.09187346149846,34.15101563847136,13.569529125651098,13.271067398993937,16.732099999999978,21.022789613813206,28.74644043376081,26.047648324454897,-0.6724643365427223,15.082207991928707,-0.9680468936089359,27.178300000000018
Telangana,Rural,52.35,22.01,99.44,98.35,72.88,88.25,65.03,58.1,81.25,36.33,54.58,15.78,46.65,3.02,21.62,16.77,23.83,28.11,13.02,16.63,24.67,28.94,7.23,26.51,9.03,48.97,29.215059876843,30.204059082046296,21.510253732665863,17.219579689913317,14.765299999999991,16.809202741075048,24.701580542385642,25.121590093670157,-4.979491967587505,26.19625702848016,4.136710123012383,36.981299999999955
Telangana,Total,60.94,22.52,99.59,98.73,76.24,91.76,60.75,66.64,84.83,45.5,61.16,26.49,57.36,3.41,18.77,16.23,30.09,32.33,14.74,18.11,26.09,31.39,5.57,22.26,6.71,43.33,32.10235066362252,31.27687281848967,19.766993364985517,15.838124833436625,15.906599999999996,20.529580822128402,24.620813521226175,24.794335632568057,-3.1001011920250896,18.0984933204036,1.5722408825116991,20.714599999999997
Tripura,Urban,89.14,19.58,99.42,98.17,78.52,75.39,24.85,89.94,93.53,36.57,39.73,36.62,46.98,9.33,14.6,13.23,29.16,28.27,21.08,21.19,26.41,27.32,46.1,51.56,0.84,26.87,24.59586620989738,29.49483378780575,14.443004631109613,9.747464059482795,18.516799999999993,21.252851967276737,26.437389756736955,22.782270809465697,36.843021409383454,51.59125990664679,3.329364187982793,28.888999999999964
Tripura,Rural,78.87,25.38,97.7,83.95,71.6,32.58,36.48,76.88,86.03,17.89,25.06,17.66,45.15,7.8,16.87,12.09,18.44,21.39,16.29,18.5,18.56,20.58,52.16,59.28,8.41,35.85,17.952698367550944,19.679987170241972,17.060595058559798,13.51592714215067,14.785199999999993,18.310566749851453,18.72075679781313,24.121966782522925,41.09614767461643,59.09710414111648,6.109533075862813,33.940999999999974
Tripura,Total,81.76,23.72,98.19,87.99,73.57,45.34,33.01,80.61,88.23,23.23,29.37,22.93,45.71,8.16,16.22,12.43,21.54,23.43,17.7,19.33,20.87,22.67,50.38,56.92,6.19,33.11,20.20217206248911,21.907852858784608,16.211133207425178,12.39216341238226,15.975600000000016,19.412171509124384,20.850793497423684,22.96079197245936,40.60986711084108,56.887296828032994,4.462162692923192,31.142600000000005
Uttar Pradesh,Urban,76.17,26.71,97.56,99.42,80.89,88.3,16.82,78.6,87.95,51.87,56.79,50.21,72.41,3.59,13.62,13.44,30.59,24.87,11.32,13.16,20.89,24.82,6.45,34.71,0.25,13.19,32.47314115153418,29.37146224916909,13.370099007086022,12.221072993784311,11.519800000000005,13.136124318529488,21.169489510205146,29.544093942865906,5.426161574934801,35.08891058406239,2.7247892056737997,15.864700000000013
Uttar Pradesh,Rural,64.6,32.36,88.92,99.08,64.8,36.22,15.54,65.55,86.25,35.04,45.58,24.48,54.17,2.94,20.75,19.53,18.34,16.22,9.57,11.05,17.57,20.68,9.07,47.56,0.3,15.05,14.737230436123482,18.073571166953435,25.241072822683687,16.979318416915653,10.909100000000006,14.575242154395,17.521459762297216,20.303868421314803,9.267993513578187,47.00629298190743,8.494852832877235,23.4127
Uttar Pradesh,Total,67.41,30.98,91.04,99.16,68.75,49.52,15.87,68.83,86.71,39.27,48.62,30.58,59.12,3.07,19.0,17.93,21.34,18.5,9.97,11.56,18.35,21.7,8.41,44.1,0.29,14.55,19.377781438605954,20.09393075565259,19.14523819358094,15.793177213926374,10.005900000000015,11.644584233679254,18.486595353906186,21.719147573929593,8.87936516678607,44.293490228668915,6.160797318638004,21.220699999999983
Uttarakhand,Urban,82.4,24.74,99.65,99.62,81.04,92.86,61.61,85.27,92.4,59.38,62.19,58.42,82.12,4.42,11.57,20.66,39.09,31.43,14.01,16.33,25.35,34.77,2.75,27.62,0.3,21.72,34.48354578644893,30.510225923780002,11.75450999985046,12.740457524133854,13.457399999999996,16.159051126495022,25.17704305913913,28.026992604003542,4.6332986677956125,28.02011474028116,0.8235761858207078,20.925600000000014
Uttarakhand,Rural,72.03,27.05,99.56,94.18,77.67,42.9,62.91,79.78,93.16,45.98,58.7,39.35,71.16,3.91,14.91,14.12,25.41,25.03,9.56,13.34,21.95,30.48,5.43,36.77,0.35,27.49,23.256654951309606,22.621283451729774,14.890450444007607,15.758021031046427,9.995199999999985,13.304098235998014,21.926517531965192,23.95475647998848,3.9239643526049672,36.53834587309087,-0.39992278866719344,27.046999999999976
Uttarakhand,Total,75.21,26.31,99.59,95.92,78.75,59.17,62.49,81.57,92.92,50.36,59.79,45.12,74.59,4.07,13.86,16.21,29.73,27.07,10.84,14.25,22.94,31.8,4.59,33.66,0.33,25.53,27.387802035609717,24.772046272482545,13.725226823235085,14.699874924562405,10.7928,14.322185816690977,22.938742001422003,24.581453734986592,4.8863522021955585,33.9477560633717,-0.820045901195007,25.196900000000007
West Bengal,Urban,84.12,20.19,99.28,98.62,74.96,80.31,25.87,83.37,89.76,47.59,51.4,48.12,64.55,6.04,9.46,11.51,27.85,20.02,19.44,23.11,21.53,22.26,7.99,44.66,0.78,18.88,31.661630448001315,29.799243433106618,9.739583815712445,12.55701255917251,18.427800000000033,22.93290381361119,21.953551276711877,27.888337202797572,14.609804009527734,44.31147748498237,4.266336531599784,20.994400000000027
West Bengal,Rural,73.25,25.1,96.64,96.89,64.72,20.48,31.03,72.54,77.83,25.88,26.87,13.98,38.31,3.6,17.4,16.79,20.26,14.45,16.53,20.4,19.94,19.02,12.25,49.93,1.28,17.66,20.00514540427465,14.418871855491094,22.016905878399378,21.990953092854888,14.099799999999986,17.31614578575844,19.383729458746654,25.70626817028404,11.230022297945505,50.52906865780109,3.9919569368276644,23.359199999999987
West Bengal,Total,76.79,23.5,97.49,97.45,68.03,40.22,29.33,76.06,81.62,32.94,34.65,25.46,46.71,4.25,14.81,15.14,22.73,16.19,17.49,21.31,20.46,20.12,10.84,48.14,1.11,18.08,24.283257145389246,18.876201514646127,15.065761591687016,18.88158856320241,16.580300000000005,21.1051197107073,20.620254719975208,25.904491074130473,12.868688041897668,48.07286477162217,3.3989207281086458,20.06049999999998
